"","wk","wk_name","politician_id","profile_url","party_id","party","listenplatz","titel","vorname","nachname","geburtsname","geschlecht","geburtsjahr","ausbildung","wohnort","beruf","aw_fragen","aw_beantwortet"
"1",167,"Waldeck",176832,"https://www.abgeordnetenwatch.de/profile/barbara-meyer-1",15,"MLPD",NA,NA,"Barbara","Meyer",NA,NA,NA,NA,NA,"Erzieherin",NA,NA
"2",167,"Waldeck",176187,"https://www.abgeordnetenwatch.de/profile/kira-hauser",7,"FREIE WÄHLER",NA,NA,"Kira","Hauser","Binder","f",1976,"Diplom-Verwaltungswirtin","Bad Wildungen","Beamtin",NA,NA
"3",167,"Waldeck",176069,"https://www.abgeordnetenwatch.de/profile/daniele-saracino",201,"dieBasis",NA,NA,"Daniele","Saracino",NA,NA,NA,NA,NA,NA,NA,NA
"4",167,"Waldeck",135159,"https://www.abgeordnetenwatch.de/profile/armin-schwarz",2,"CDU",NA,NA,"Armin","Schwarz",NA,"m",1968,"Lehramt Englisch, Politik, Pädagogik",NA,"MdL, Oberstudienrat a.D.",NA,NA
"5",167,"Waldeck",146361,"https://www.abgeordnetenwatch.de/profile/jochen-rube",4,"FDP",NA,NA,"Jochen","Rube",NA,"m",1984,NA,NA,"Lehrer",NA,NA
"6",167,"Waldeck",175524,"https://www.abgeordnetenwatch.de/profile/peter-koswig",5,"Bündnis 90/Die Grünen",NA,NA,"Peter","Koswig",NA,NA,NA,NA,NA,NA,NA,NA
"7",167,"Waldeck",125367,"https://www.abgeordnetenwatch.de/profile/regina-preysing",8,"DIE LINKE",13,NA,"Regina","Preysing",NA,"f",1965,"Diplom Ingenieurin Gerätekonstruktion","Bad Wildungen","Angestellte Medizintechnik Ingenieurin",NA,NA
"8",167,"Waldeck",146823,"https://www.abgeordnetenwatch.de/profile/esther-dilcher",1,"SPD",NA,NA,"Esther","Dilcher",NA,"f",1965,"Juristin",NA,"MdB, Notarin",17,11
"9",168,"Kassel",176833,"https://www.abgeordnetenwatch.de/profile/klaus-bremer-0",15,"MLPD",NA,NA,"Klaus","Bremer",NA,NA,NA,NA,NA,NA,NA,NA
"10",168,"Kassel",176245,"https://www.abgeordnetenwatch.de/profile/michael-scheffler-1",7,"FREIE WÄHLER",NA,NA,"Michael","Scheffler",NA,"m",NA,NA,"Kassel",NA,NA,NA
"11",168,"Kassel",175962,"https://www.abgeordnetenwatch.de/profile/sibylle-johst",9,"AfD",NA,NA,"Sibylle","Johst",NA,NA,NA,NA,NA,NA,NA,NA
"12",168,"Kassel",175875,"https://www.abgeordnetenwatch.de/profile/michael-aufenanger",2,"CDU",NA,NA,"Michael","Aufenanger",NA,"m",1976,"Polizeioberkommissar",NA,"Kresivorsitzender, Beisitzer im Landesvorstand",NA,NA
"13",168,"Kassel",121697,"https://www.abgeordnetenwatch.de/profile/matthias-noelke",4,"FDP",NA,NA,"Matthias","Nölke",NA,"m",1980,NA,NA,"Selbstständig",5,5
"14",168,"Kassel",145984,"https://www.abgeordnetenwatch.de/profile/boris-mijatovic",5,"Bündnis 90/Die Grünen",NA,NA,"Boris","Mijatovic",NA,"m",1974,"Politikwissenschaftler",NA,"Referent von MdB",NA,NA
"15",168,"Kassel",175336,"https://www.abgeordnetenwatch.de/profile/stephanie-schury",8,"DIE LINKE",5,NA,"Stephanie","Schury",NA,"f",NA,"Politikwissenschaftlerin","Kassel","Stadtverordnete im Kasseler Rathaus",NA,NA
"16",168,"Kassel",135464,"https://www.abgeordnetenwatch.de/profile/timon-gremmels",1,"SPD",NA,NA,"Timon","Gremmels",NA,"m",1976,"Diplom-Politologe",NA,"MdB",52,52
"17",169,"Werra-Meißner - Hersfeld-Rotenburg",176834,"https://www.abgeordnetenwatch.de/profile/heidi-schmidt",15,"MLPD",NA,NA,"Heidi","Schmidt",NA,NA,NA,NA,NA,NA,1,NA
"18",169,"Werra-Meißner - Hersfeld-Rotenburg",79202,"https://www.abgeordnetenwatch.de/profile/sabine-leidig",8,"DIE LINKE",NA,NA,"Sabine","Leidig",NA,"f",1961,"Biolaborantin",NA,"MdB",10,6
"19",169,"Werra-Meißner - Hersfeld-Rotenburg",176388,"https://www.abgeordnetenwatch.de/profile/rainer-janisch",7,"FREIE WÄHLER",NA,NA,"Rainer","Janisch",NA,"m",NA,NA,NA,NA,1,NA
"20",169,"Werra-Meißner - Hersfeld-Rotenburg",176020,"https://www.abgeordnetenwatch.de/profile/beate-gerke",201,"dieBasis",NA,NA,"Beate","Gerke",NA,NA,NA,NA,NA,NA,1,NA
"21",169,"Werra-Meißner - Hersfeld-Rotenburg",175891,"https://www.abgeordnetenwatch.de/profile/wilhelm-gebhard",2,"CDU",NA,NA,"Wilhelm","Gebhard",NA,"m",NA,NA,NA,"Bürgermeister",1,NA
"22",169,"Werra-Meißner - Hersfeld-Rotenburg",175750,"https://www.abgeordnetenwatch.de/profile/jorias-bach",4,"FDP",NA,NA,"Jorias","Bach",NA,"m",1998,"Student","Sontra","Student der Geschichtswissenschaften",1,NA
"23",169,"Werra-Meißner - Hersfeld-Rotenburg",175538,"https://www.abgeordnetenwatch.de/profile/awet-tesfaiesus",5,"Bündnis 90/Die Grünen",NA,NA,"Awet","Tesfaiesus",NA,NA,1974,"Rechtsanwältin",NA,"Partnerin einer Kanzlei",1,NA
"24",169,"Werra-Meißner - Hersfeld-Rotenburg",79042,"https://www.abgeordnetenwatch.de/profile/michael-roth",1,"SPD",NA,NA,"Michael","Roth",NA,"m",1970,"Diplom-Politologe",NA,"MdB, Staatsminister",35,34
"25",170,"Schwalm-Eder",120037,"https://www.abgeordnetenwatch.de/profile/heidemarie-scheuch-paschkewitz",8,"DIE LINKE",NA,NA,"Heidemarie","Scheuch-Paschkewitz",NA,"f",1959,"Dipl. Sozialpädagogin",NA,"MdL",NA,NA
"26",170,"Schwalm-Eder",176228,"https://www.abgeordnetenwatch.de/profile/markus-lappe",7,"FREIE WÄHLER",NA,NA,"Markus","Lappe",NA,"m",NA,NA,"Schwalmstadt",NA,NA,NA
"27",170,"Schwalm-Eder",176131,"https://www.abgeordnetenwatch.de/profile/hermann-ploppa",201,"dieBasis",NA,NA,"Hermann","Ploppa",NA,NA,NA,NA,NA,NA,NA,NA
"28",170,"Schwalm-Eder",176052,"https://www.abgeordnetenwatch.de/profile/clara-luisa-baumann",16,"Die PARTEI",16,NA,"Clara Luisa","Baumann",NA,"f",1989,"Bachelor of Arts Mediendesign","Edermünde","Hundetrainerin",2,NA
"29",170,"Schwalm-Eder",175829,"https://www.abgeordnetenwatch.de/profile/anna-maria-bischof",2,"CDU",NA,NA,"Anna-Maria","Bischof",NA,"f",NA,"Juristin",NA,"Kreisgeschäftsführerin bei CDU Schwalm-Eder",NA,NA
"30",170,"Schwalm-Eder",175701,"https://www.abgeordnetenwatch.de/profile/bastian-belz",4,"FDP",NA,NA,"Bastian","Belz","Bastian Belz","m",1990,"Industriekaufmann","Battenberg-Laisa","Kaufmännischer Angestellter, Vorsitzender OV Ederbergland",NA,NA
"31",170,"Schwalm-Eder",135209,"https://www.abgeordnetenwatch.de/profile/bettina-hoffmann",5,"Bündnis 90/Die Grünen",NA,"Dr.","Bettina","Hoffmann",NA,"f",1960,"Diplom-Biologin",NA,"MdB",35,35
"32",170,"Schwalm-Eder",79376,"https://www.abgeordnetenwatch.de/profile/edgar-franke",1,"SPD",NA,NA,"Edgar","Franke",NA,"m",1960,"Jurist",NA,"MdB",45,45
"33",171,"Marburg",176835,"https://www.abgeordnetenwatch.de/profile/hans-roth",15,"MLPD",NA,NA,"Hans","Roth",NA,NA,NA,NA,NA,NA,NA,NA
"34",171,"Marburg",176297,"https://www.abgeordnetenwatch.de/profile/ruediger-schapner",201,"dieBasis",NA,NA,"Rüdiger","Schapner",NA,NA,NA,NA,NA,NA,NA,NA
"35",171,"Marburg",176118,"https://www.abgeordnetenwatch.de/profile/goekhan-oezdemir",7,"FREIE WÄHLER",NA,NA,"Gökhan","Özdemir",NA,"m",1995,NA,"Kirchhain","selbstständiger Jungunternehmer ",NA,NA
"36",171,"Marburg",145768,"https://www.abgeordnetenwatch.de/profile/julian-schmidt",9,"AfD",9,NA,"Julian","Schmidt",NA,"m",1989,"Wirtschaftsingenieur - Energietechnik (Abschluss im Oktober)",NA,"Zeitsoldat-Heeresflieger",NA,NA
"37",171,"Marburg",79312,"https://www.abgeordnetenwatch.de/profile/stefan-heck",2,"CDU",NA,NA,"Stefan","Heck",NA,"m",1982,"Jurist",NA,"Staatssekretär",NA,NA
"38",171,"Marburg",175785,"https://www.abgeordnetenwatch.de/profile/niklas-hannott",4,"FDP",13,NA,"Niklas","Hannott",NA,"m",1995,"1. Staatsexamen","Marburg","Studienreferendar",NA,NA
"39",171,"Marburg",175685,"https://www.abgeordnetenwatch.de/profile/stephanie-theiss",5,"Bündnis 90/Die Grünen",NA,NA,"Stephanie","Theiss",NA,NA,1988,NA,"Marburg","Studentin",NA,NA
"40",171,"Marburg",175337,"https://www.abgeordnetenwatch.de/profile/maximilian-philipp-peter",8,"DIE LINKE",NA,NA,"Maximilian Philipp","Peter","Maximilian Philipp Peter ","m",1992,"Einzelhandelskaufmann","Weimar (Lahn)","Einzelhandelskaufmann",NA,NA
"41",171,"Marburg",78884,"https://www.abgeordnetenwatch.de/profile/soeren-bartol",1,"SPD",NA,NA,"Sören","Bartol",NA,"m",1974,"Diplom-Politologe",NA,"MdB",54,52
"42",172,"Lahn-Dill",176257,"https://www.abgeordnetenwatch.de/profile/niklas-hartmann",16,"Die PARTEI",NA,NA,"Niklas","Hartmann",NA,"m",2000,"Auszubildender Bankkaufmann","Oberquembach","Auszubildender Bankkaufmann",NA,NA
"43",172,"Lahn-Dill",176126,"https://www.abgeordnetenwatch.de/profile/heiko-schuster",201,"dieBasis",NA,NA,"Heiko","Schuster",NA,NA,NA,NA,NA,NA,NA,NA
"44",172,"Lahn-Dill",145769,"https://www.abgeordnetenwatch.de/profile/willi-wagner",9,"AfD",NA,NA,"Willi","Wagner",NA,"m",1951,NA,NA,NA,NA,NA
"45",172,"Lahn-Dill",135268,"https://www.abgeordnetenwatch.de/profile/hans-juergen-irmer",2,"CDU",NA,NA,"Hans-Jürgen","Irmer",NA,"m",1952,"Studium der Fächer Englisch, Erdkunde und Sozialkunde",NA,"MdB",15,NA
"46",172,"Lahn-Dill",135176,"https://www.abgeordnetenwatch.de/profile/carsten-seelmeyer",4,"FDP",NA,NA,"Carsten","Seelmeyer",NA,"m",1969,NA,NA,"Geschäftsführer in der Touristik",NA,NA
"47",172,"Lahn-Dill",159490,"https://www.abgeordnetenwatch.de/profile/caroline-krohn",5,"Bündnis 90/Die Grünen",NA,NA,"Caroline","Krohn",NA,"f",1980,"Politikwissenschaftlerin M.A.","Braunfels","Geschäftsführerin",NA,NA
"48",172,"Lahn-Dill",175338,"https://www.abgeordnetenwatch.de/profile/christiane-ohnacker",8,"DIE LINKE",7,NA,"Christiane","Ohnacker",NA,"f",NA,"Krankenschwester",NA,"Krankenschwester",NA,NA
"49",172,"Lahn-Dill",79036,"https://www.abgeordnetenwatch.de/profile/dagmar-schmidt",1,"SPD",NA,NA,"Dagmar","Schmidt",NA,"f",1973,"Historikerin",NA,"MdB",33,33
"50",173,"Gießen",176753,"https://www.abgeordnetenwatch.de/profile/holger-kloetzner",193,"Volt",NA,NA,"Holger","Klötzner",NA,NA,1988,"Wirtschaftsinformatik-Studium, Fachinformatiker für Systemintegration","Gießen","COO (operativer Geschäftsführer)",NA,NA
"51",173,"Gießen",29849,"https://www.abgeordnetenwatch.de/profile/henning-maecherle",23,"DKP",8,NA,"Henning","Mächerle",NA,"m",1968,"Fachinformatiker",NA,"Fachinformatiker",NA,NA
"52",173,"Gießen",176329,"https://www.abgeordnetenwatch.de/profile/stephan-kruedener",201,"dieBasis",NA,NA,"Stephan","Krüdener",NA,NA,NA,NA,NA,NA,NA,NA
"53",173,"Gießen",176070,"https://www.abgeordnetenwatch.de/profile/darwin-walter",16,"Die PARTEI",18,NA,"Darwin","Walter",NA,"m",1994,"Abitur","Gießen","Rechtswissenschaftler",NA,NA
"54",173,"Gießen",146442,"https://www.abgeordnetenwatch.de/profile/diego-semmler",7,"FREIE WÄHLER",NA,"Dr.","Diego","Semmler",NA,"m",1986,"Dr.rer.nat.","Laubach","Physiker",NA,NA
"55",173,"Gießen",145770,"https://www.abgeordnetenwatch.de/profile/uwe-schulz-0",9,"AfD",3,NA,"Uwe","Schulz",NA,"m",1961,"Siehe Lebenslauf",NA,"MdB",10,10
"56",173,"Gießen",79432,"https://www.abgeordnetenwatch.de/profile/helge-braun",2,"CDU",NA,NA,"Helge","Braun",NA,"m",1972,"Arzt",NA,"Bundesminister für besondere Aufgaben und Chef des Bundeskanzleramts, MdB",81,47
"57",173,"Gießen",175717,"https://www.abgeordnetenwatch.de/profile/dennis-pucher",4,"FDP",NA,NA,"Dennis","Pucher",NA,"m",1979,"M. A. Sozial- und Kulturwissenschaft","Lich","Selbstständiger",NA,NA
"58",173,"Gießen",175539,"https://www.abgeordnetenwatch.de/profile/behzad-borhani",5,"Bündnis 90/Die Grünen",NA,NA,"Behzad","Borhani",NA,NA,1984,"Politologe M.A.","Fernwald","Politologe M.A.",NA,NA
"59",173,"Gießen",175425,"https://www.abgeordnetenwatch.de/profile/felix-doering",1,"SPD",NA,NA,"Felix","Döring",NA,"m",1991,"Gymnasiallehrer","Gießen","pädagogischer Vorbereitungsdienst Gesamtschule Hungen",NA,NA
"60",173,"Gießen",120819,"https://www.abgeordnetenwatch.de/profile/ali-abass-yahya-al-dailami",8,"DIE LINKE",2,NA,"Ali Abass Yahya","Al-Dailami",NA,"m",1981,"Restaurantfachmann",NA,"Angestellter",NA,NA
"61",174,"Fulda",176748,"https://www.abgeordnetenwatch.de/profile/nuha-sharif-ali",8,"DIE LINKE",6,NA,"Nuha","Sharif-Ali",NA,"f",NA,NA,NA,NA,NA,NA
"62",174,"Fulda",176273,"https://www.abgeordnetenwatch.de/profile/petra-herchenroeder",201,"dieBasis",NA,NA,"Petra","Herchenröder",NA,NA,NA,NA,NA,NA,NA,NA
"63",174,"Fulda",159481,"https://www.abgeordnetenwatch.de/profile/peter-klug",7,"FREIE WÄHLER",NA,NA,"Peter","Klug",NA,"m",1979,"Verwaltungsfachwirt","Flieden","Verwaltungsfachwirt",NA,NA
"64",174,"Fulda",78881,"https://www.abgeordnetenwatch.de/profile/michael-brand",2,"CDU",NA,NA,"Michael","Brand",NA,"m",1973,"Studium der Politikwissenschaft, Geschichte und Rechtswissenschaft",NA,"MdB",31,30
"65",174,"Fulda",135322,"https://www.abgeordnetenwatch.de/profile/juergen-lenders",4,"FDP",NA,NA,"Jürgen","Lenders",NA,"m",1966,NA,NA,"MdL, Selbstständiger Kaufmann",1,1
"66",174,"Fulda",175566,"https://www.abgeordnetenwatch.de/profile/gianina-zimmermann",5,"Bündnis 90/Die Grünen",NA,NA,"Gianina","Zimmermann",NA,"f",NA,"Krankenschwester, Personalreferentin, Diplom-Coach",NA,"Sprecherin der Landesarbeitsgemeinschaft Hessischer Frauenbüros, Frauenbeauftragte im Klinikum Frankfurt-Höchst GmbH",NA,NA
"67",174,"Fulda",79236,"https://www.abgeordnetenwatch.de/profile/birgit-koempel",1,"SPD",NA,NA,"Birgit","Kömpel","Schwab","f",1967,"Personalberaterin","Eichenzell (Fulda)","Personalberaterin/Senior Recruiterin",NA,NA
"68",175,"Main-Kinzig - Wetterau II - Schotten",176035,"https://www.abgeordnetenwatch.de/profile/carsten-hildebrandt",7,"FREIE WÄHLER",NA,NA,"Carsten","Hildebrandt",NA,"m",1972,"Energieelektroniker","Erlensee","Sales-Manager",NA,NA
"69",175,"Main-Kinzig - Wetterau II - Schotten",176032,"https://www.abgeordnetenwatch.de/profile/brigitte-meyer-simon",201,"dieBasis",NA,NA,"Brigitte","Meyer-Simon",NA,NA,NA,NA,NA,NA,NA,NA
"70",175,"Main-Kinzig - Wetterau II - Schotten",145771,"https://www.abgeordnetenwatch.de/profile/mariana-harder-kuehnel",9,"AfD",1,NA,"Mariana","Harder-Kühnel",NA,"f",1974,"Juristin",NA,"MdB, Rechtsanwältin",14,14
"71",175,"Main-Kinzig - Wetterau II - Schotten",175895,"https://www.abgeordnetenwatch.de/profile/johannes-wiegelmann",2,"CDU",NA,NA,"Johannes","Wiegelmann",NA,"m",1993,"Jurist","Bad Soden-Salmünster","Kommunalpolitiker im MKK & BSS",1,NA
"72",175,"Main-Kinzig - Wetterau II - Schotten",175691,"https://www.abgeordnetenwatch.de/profile/andrea-rahn-farr",4,"FDP",NA,NA,"Andrea","Rahn-Farr",NA,"f",NA,NA,"Büdingen","Landwirtin",NA,NA
"73",175,"Main-Kinzig - Wetterau II - Schotten",175602,"https://www.abgeordnetenwatch.de/profile/knut-maximilian-kiesel",5,"Bündnis 90/Die Grünen",22,NA,"Knut Maximilian","Kiesel",NA,"m",1989,"promovierter Physiker","Maintal","Unternehmensberater",1,NA
"74",175,"Main-Kinzig - Wetterau II - Schotten",175339,"https://www.abgeordnetenwatch.de/profile/stella-luise-smith",8,"DIE LINKE",NA,NA,"Stella Luise","Smith",NA,"f",2001,NA,"Nidda","Studentin der Biologie",NA,NA
"75",175,"Main-Kinzig - Wetterau II - Schotten",78840,"https://www.abgeordnetenwatch.de/profile/bettina-mueller",1,"SPD",NA,NA,"Bettina","Müller",NA,"f",1959,"Krankenschwester, Rechtsanwältin",NA,"MdB",22,14
"76",176,"Hochtaunus",159514,"https://www.abgeordnetenwatch.de/profile/andre-pabst",8,"DIE LINKE",NA,NA,"André","Pabst",NA,"m",1963,"Technikinformatiker, statl. gepr. Betriebswirt",NA,"statl. gepr. Betriebswirt",NA,NA
"77",176,"Hochtaunus",176356,"https://www.abgeordnetenwatch.de/profile/thomas-schumbert",201,"dieBasis",NA,NA,"Thomas","Schumbert","Schumbert","m",1966,"Ökonom","Oberursel","Angestellter",NA,NA
"78",176,"Hochtaunus",176133,"https://www.abgeordnetenwatch.de/profile/hubert-horn",7,"FREIE WÄHLER",NA,NA,"Hubert","Horn",NA,"m",1968,"1. Staatsexamen Lehramt an Grundschulen","Friedrichsdorf","IT-Fachmann",NA,NA
"79",176,"Hochtaunus",79237,"https://www.abgeordnetenwatch.de/profile/markus-koob",2,"CDU",NA,NA,"Markus","Koob",NA,"m",1977,"Studium der Politikwissenschaften",NA,"MdB",15,11
"80",176,"Hochtaunus",175755,"https://www.abgeordnetenwatch.de/profile/katja-adler",4,"FDP",NA,NA,"Katja","Adler",NA,"f",1974,NA,"Oberursel","Vorsitzende der Freien Demokraten in Oberursel",NA,NA
"81",176,"Hochtaunus",175545,"https://www.abgeordnetenwatch.de/profile/christian-tramnitz",5,"Bündnis 90/Die Grünen",14,NA,"Christian","Tramnitz",NA,"m",1979,"Fachinformatiker","Grävenwiesbach","Informatiker",NA,NA
"82",176,"Hochtaunus",175391,"https://www.abgeordnetenwatch.de/profile/alicia-bokler",1,"SPD",NA,NA,"Alicia","Bokler",NA,"f",1993,NA,"Villmar","Biotechnologin",NA,NA
"83",177,"Wetterau I",176098,"https://www.abgeordnetenwatch.de/profile/eva-rosen",201,"dieBasis",NA,NA,"Eva","Rosen","Karadoukas","f",1985,"Kommunikationsdesigner","Karben","Projektmanager",1,NA
"84",177,"Wetterau I",176036,"https://www.abgeordnetenwatch.de/profile/cenk-goenuel",7,"FREIE WÄHLER",NA,NA,"Cenk","Gönül",NA,"m",1970,"Techniker","Reichelsheim","Geschäftsführer - Unternehmer",NA,NA
"85",177,"Wetterau I",135453,"https://www.abgeordnetenwatch.de/profile/stephan-flindt",6,"PIRATEN",NA,NA,"Stephan","Flindt",NA,"m",1959,"Informatiker",NA,NA,NA,NA
"86",177,"Wetterau I",147215,"https://www.abgeordnetenwatch.de/profile/andreas-lichert",9,"AfD",NA,NA,"Andreas","Lichert",NA,"m",1975,"Duales Studium",NA,"MdL",1,NA
"87",177,"Wetterau I",175832,"https://www.abgeordnetenwatch.de/profile/armin-haeuser",2,"CDU",NA,NA,"Armin","Häuser",NA,NA,1964,"Diplom-Verwaltungswirt",NA,NA,NA,NA
"88",177,"Wetterau I",135407,"https://www.abgeordnetenwatch.de/profile/peter-heidt",4,"FDP",NA,NA,"Peter","Heidt",NA,"m",1965,"Jurist",NA,"Rechtsanwalt",10,3
"89",177,"Wetterau I",175631,"https://www.abgeordnetenwatch.de/profile/michaela-colletti",5,"Bündnis 90/Die Grünen",27,NA,"Michaela","Colletti","Kreiling",NA,1964,"Wirtschaftsdolmetscherin","Rosbach v. d. H.","Inhaberin eines Sprachenservices, Stadtverordnete Rosbach, Kreistagsabgeordnete Wetterau, Vorsitzende Ortsverband Rosbach und Kreisverband Wetterau",1,NA
"90",177,"Wetterau I",146131,"https://www.abgeordnetenwatch.de/profile/julian-eder",8,"DIE LINKE",NA,NA,"Julian","Eder",NA,"m",1998,NA,"Bad Nauheim","Auszubildender",NA,NA
"91",177,"Wetterau I",146824,"https://www.abgeordnetenwatch.de/profile/natalie-pawlik",1,"SPD",NA,NA,"Natalie","Pawlik",NA,"f",1992,"Geschichts- und Kulturwissenschaften B.A.",NA,"Wissenschaftliche Mitarbeiterin (MdEP) und Studentin",1,NA
"92",178,"Rheingau-Taunus - Limburg",176150,"https://www.abgeordnetenwatch.de/profile/jens-meyer-1",201,"dieBasis",NA,NA,"Jens","Meyer",NA,NA,1969,"Fachwirt für Finanzberatung (IHK)",NA,"selbstständiger Finanzdienstleister",1,NA
"93",178,"Rheingau-Taunus - Limburg",176028,"https://www.abgeordnetenwatch.de/profile/bianka-roessler",7,"FREIE WÄHLER",NA,NA,"Bianka","Rössler","Rössler","f",1977,NA,"Rüdesheim",NA,2,NA
"94",178,"Rheingau-Taunus - Limburg",175943,"https://www.abgeordnetenwatch.de/profile/marcus-resch",9,"AfD",NA,NA,"Marcus","Resch",NA,NA,NA,NA,NA,NA,1,NA
"95",178,"Rheingau-Taunus - Limburg",78914,"https://www.abgeordnetenwatch.de/profile/klaus-peter-willsch",2,"CDU",NA,NA,"Klaus-Peter","Willsch",NA,"m",1961,"Dipl. Volkswirt",NA,"MdB",32,30
"96",178,"Rheingau-Taunus - Limburg",119621,"https://www.abgeordnetenwatch.de/profile/alexander-mueller",4,"FDP",NA,NA,"Alexander","Müller",NA,"m",1969,"Dipl.-Informatiker","Niedernhausen","MdB",12,11
"97",178,"Rheingau-Taunus - Limburg",118131,"https://www.abgeordnetenwatch.de/profile/anna-luehrmann",5,"Bündnis 90/Die Grünen",NA,NA,"Anna","Lührmann",NA,"f",1983,"Studentin der Politik und Organisation (BA)",NA,"Mitglied des Deutschen Bundestages",1,NA
"98",178,"Rheingau-Taunus - Limburg",175340,"https://www.abgeordnetenwatch.de/profile/valentin-zill",8,"DIE LINKE",NA,NA,"Valentin","Zill",NA,"m",1986,NA,"Limburg an der Lahn",NA,1,NA
"99",178,"Rheingau-Taunus - Limburg",79073,"https://www.abgeordnetenwatch.de/profile/martin-rabanus",1,"SPD",NA,NA,"Martin","Rabanus",NA,"m",1971,"Hochschulstudium Politikwissenschaften, Jura, Soziolgie, Geschichte",NA,"MdB",26,25
"100",179,"Wiesbaden",177275,"https://www.abgeordnetenwatch.de/profile/yasmin-schulze",6,"PIRATEN",4,NA,"Yasmin","Schulze",NA,"f",1996,NA,"Wiesbaden","Studierende",NA,NA
"101",179,"Wiesbaden",28923,"https://www.abgeordnetenwatch.de/profile/alexander-hartmann",13,"BüSo",NA,NA,"Alexander","Hartmann",NA,"m",1961,"k.A.",NA,"Chefredakteur",NA,NA
"102",179,"Wiesbaden",176412,"https://www.abgeordnetenwatch.de/profile/samater-liban",193,"Volt",NA,NA,"Samater","Liban","Liban","m",1972,"Unternehmer, Angestellter und Politiker","Heidenrod","Innovations- & Transformationsmanager",NA,NA
"103",179,"Wiesbaden",176369,"https://www.abgeordnetenwatch.de/profile/ulrike-froehlich",201,"dieBasis",NA,NA,"Ulrike","Fröhlich",NA,NA,NA,NA,NA,NA,NA,NA
"104",179,"Wiesbaden",176100,"https://www.abgeordnetenwatch.de/profile/felicitas-klings",179,"Die Humanisten",2,NA,"Felicitas","Klings",NA,NA,1983,"Examinierte Gesundheits- und Kinderkrankenpflegerin","Wiesbaden","Arbeite als stv. Pflegedienstleiterin in der ambulanten Pflege",NA,NA
"105",179,"Wiesbaden",175992,"https://www.abgeordnetenwatch.de/profile/andre-wittmann",7,"FREIE WÄHLER",NA,NA,"Andre","Wittmann",NA,"m",1982,"Angestellter","Schauenburg","Kommunikation und Eventmanagement",NA,NA
"106",179,"Wiesbaden",121189,"https://www.abgeordnetenwatch.de/profile/erich-heidkamp",9,"AfD",NA,NA,"Erich","Heidkamp",NA,"m",1948,"Exportkaufmann",NA,"Geschäftsführer a.D. - MdL Hessischer Landtag",3,NA
"107",179,"Wiesbaden",145884,"https://www.abgeordnetenwatch.de/profile/ingmar-jung",2,"CDU",NA,NA,"Ingmar","Jung",NA,"m",1978,"Volljurist",NA,"MdB",20,NA
"108",179,"Wiesbaden",146365,"https://www.abgeordnetenwatch.de/profile/lucas-schwalbach",4,"FDP",NA,NA,"Lucas","Schwalbach",NA,"m",1991,NA,NA,"Student",1,NA
"109",179,"Wiesbaden",175674,"https://www.abgeordnetenwatch.de/profile/uta-brehm",5,"Bündnis 90/Die Grünen",17,"Dr.","Uta","Brehm",NA,"f",1988,"promovierte Soziologin",NA,"wissenschaftliche Mitarbeiterin an einem Bundesforschungsinstitut in Wiesbaden",1,NA
"110",179,"Wiesbaden",175477,"https://www.abgeordnetenwatch.de/profile/nadine-ruf",1,"SPD",NA,NA,"Nadine","Ruf",NA,"f",1978,"Diplom-Betriebswirtin","Wiesbaden","Wissenschaftliche Mitarbeiterin",1,1
"111",179,"Wiesbaden",175341,"https://www.abgeordnetenwatch.de/profile/daniel-winter-0",8,"DIE LINKE",8,NA,"Daniel","Winter",NA,"m",1986,"Diplom Verwaltungswirt FH","Wiesbaden","Polizeibeamter",NA,NA
"112",180,"Hanau",176284,"https://www.abgeordnetenwatch.de/profile/ralf-haussels",201,"dieBasis",NA,NA,"Ralf","Haußels",NA,NA,NA,NA,NA,NA,NA,NA
"113",180,"Hanau",159595,"https://www.abgeordnetenwatch.de/profile/christian-clauss",7,"FREIE WÄHLER",NA,NA,"Christian","Clauß",NA,"m",1962,"Kartograph (GIS)",NA,NA,NA,NA
"114",180,"Hanau",78851,"https://www.abgeordnetenwatch.de/profile/katja-leikert",2,"CDU",NA,NA,"Katja","Leikert",NA,"f",1975,"Politikwissenschaftlerin",NA,"MdB",19,17
"115",180,"Hanau",175736,"https://www.abgeordnetenwatch.de/profile/henrik-statz",4,"FDP",NA,NA,"Henrik","Statz",NA,"m",1974,"Unternehmer","Hanau","Inhaber eines Beratungsunternehmens",NA,NA
"116",180,"Hanau",135357,"https://www.abgeordnetenwatch.de/profile/marcus-bocklet",5,"Bündnis 90/Die Grünen",NA,NA,"Marcus","Bocklet",NA,"m",1964,"Studium der Sozialarbeit und BWL, Diplom-Sozialarbeiter",NA,"MdL",2,NA
"117",180,"Hanau",175441,"https://www.abgeordnetenwatch.de/profile/jan-lennard-oehl",1,"SPD",NA,NA,"Jan Lennard","Oehl",NA,"m",1993,"VWL Master","Nidderau","Analyst für Anleihen und Zertifikate",NA,NA
"118",180,"Hanau",175342,"https://www.abgeordnetenwatch.de/profile/alexander-kuhne",8,"DIE LINKE",NA,NA,"Alexander","Kuhne",NA,"m",1998,NA,"Hasselroth","Student",NA,NA
"119",181,"Main-Taunus",177223,"https://www.abgeordnetenwatch.de/profile/florian-sauer",16,"Die PARTEI",NA,NA,"Florian","Sauer",NA,"m",1983,"Kfz Elektriker, 10 Jahre Einzelhandel, Versuchfahrer, Lokführer","Hattersheim am Main","Triebfahrzeugführer bei DB Regio",2,1
"120",181,"Main-Taunus",177066,"https://www.abgeordnetenwatch.de/profile/gerhard-bergmann",9,"AfD",NA,NA,"Gerhard","Bergmann",NA,"m",1948,"Flugkapitän",NA,NA,NA,NA
"121",181,"Main-Taunus",176132,"https://www.abgeordnetenwatch.de/profile/holger-brueck",201,"dieBasis",NA,NA,"Holger","Brück",NA,NA,NA,NA,NA,NA,NA,NA
"122",181,"Main-Taunus",176104,"https://www.abgeordnetenwatch.de/profile/frank-bergmann",7,"FREIE WÄHLER",NA,NA,"Frank","Bergmann",NA,"m",NA,NA,"Liederbach",NA,NA,NA
"123",181,"Main-Taunus",145885,"https://www.abgeordnetenwatch.de/profile/norbert-altenkamp",2,"CDU",NA,NA,"Norbert","Altenkamp",NA,"m",1972,"Diplom Volkswirt",NA,"MdB",20,2
"124",181,"Main-Taunus",119708,"https://www.abgeordnetenwatch.de/profile/bettina-stark-watzinger",4,"FDP",NA,NA,"Bettina","Stark-Watzinger",NA,"f",1968,"Dipl.-Volkswirtin",NA,"MdB",17,1
"125",181,"Main-Taunus",79004,"https://www.abgeordnetenwatch.de/profile/kordula-schulz-asche",5,"Bündnis 90/Die Grünen",NA,NA,"Kordula","Schulz-Asche",NA,"f",1956,"Krankenschwester, Kommunikationswissenschaftlerin",NA,"MdB",32,31
"126",181,"Main-Taunus",175343,"https://www.abgeordnetenwatch.de/profile/paul-laslop",8,"DIE LINKE",12,NA,"Paul","Laslop",NA,"m",1965,"Koch","Steinbach","Koch / freigestellter Betriebsrat",NA,NA
"127",181,"Main-Taunus",146825,"https://www.abgeordnetenwatch.de/profile/ilja-kristin-seewald",1,"SPD",NA,NA,"Ilja-Kristin","Seewald",NA,"f",1968,"Promovierte  Politikwissenschaftlerin",NA,"Selbständig, eigene Kommunikationsberatung, freie Journalistin",1,NA
"128",182,"Frankfurt am Main I",176836,"https://www.abgeordnetenwatch.de/profile/karsten-wappelt",15,"MLPD",NA,NA,"Karsten","Wappelt",NA,NA,NA,NA,NA,NA,NA,NA
"129",182,"Frankfurt am Main I",176413,"https://www.abgeordnetenwatch.de/profile/maximilian-zaenker",193,"Volt",NA,NA,"Maximilian","Zänker",NA,"m",1990,"Master of Development Practice (Entwicklungsökonomie)","Frankfurt a.M.","Integrationskoordinator",NA,NA
"130",182,"Frankfurt am Main I",176232,"https://www.abgeordnetenwatch.de/profile/martin-heipertz",201,"dieBasis",NA,NA,"Martin","Heipertz",NA,NA,NA,NA,NA,NA,2,NA
"131",182,"Frankfurt am Main I",159593,"https://www.abgeordnetenwatch.de/profile/eric-paerisch",7,"FREIE WÄHLER",NA,NA,"Eric","Pärisch",NA,"m",1986,"Ingenieur (B.Sc.)","Frankfurt","Ingenieur",NA,NA
"132",182,"Frankfurt am Main I",175954,"https://www.abgeordnetenwatch.de/profile/patrick-schenk-0",9,"AfD",NA,NA,"Patrick","Schenk",NA,NA,NA,NA,NA,NA,NA,NA
"133",182,"Frankfurt am Main I",175833,"https://www.abgeordnetenwatch.de/profile/axel-kaufmann",2,"CDU",NA,NA,"Axel","Kaufmann",NA,"m",1973,"Diplom-Volkswirt","Frankfurt am Main","Prokurist bei der KfW",NA,NA
"134",182,"Frankfurt am Main I",175726,"https://www.abgeordnetenwatch.de/profile/frank-maiwald",4,"FDP",NA,NA,"Frank","Maiwald",NA,"m",1981,"Volkswirt, Betriebswirt","Frankfurt am Main","Bundesbankmitarbeiter",1,NA
"135",182,"Frankfurt am Main I",175555,"https://www.abgeordnetenwatch.de/profile/deborah-duering",5,"Bündnis 90/Die Grünen",7,NA,"Deborah","Düring",NA,"f",1994,"Sozialwissenschaftlerin (B.A. Sozialwissenschaft)","Frankfurt a.M.","Studentin Friedens- und Konfliktforschung (Master) & Studentische Hilfskraft bei Survival International",NA,NA
"136",182,"Frankfurt am Main I",175403,"https://www.abgeordnetenwatch.de/profile/armand-zorn",1,"SPD",NA,NA,"Armand","Zorn",NA,"m",1988,NA,"Frankfurt","Unternehmensberater",NA,NA
"137",182,"Frankfurt am Main I",135302,"https://www.abgeordnetenwatch.de/profile/janine-wissler",8,"DIE LINKE",1,NA,"Janine","Wissler",NA,"f",1981,"Dipl. Politologin",NA,"MdL, Fraktionsvorsitzende LINKE im Landtag von Hessen ",11,2
"138",183,"Frankfurt am Main II",147816,"https://www.abgeordnetenwatch.de/profile/tufan-aydin",15,"MLPD",NA,NA,"Tufan","Aydin",NA,"m",1988,"Rechtsanwaltsfachangestellter",NA,"Rechtsanwaltsfachangestellter",NA,NA
"139",183,"Frankfurt am Main II",176185,"https://www.abgeordnetenwatch.de/profile/konstantinos-marketakis",201,"dieBasis",NA,NA,"Konstantinos","Marketakis",NA,"m",1966,"Diplom-Bauingenieur","Frankfurt am Main","Projektmanager",NA,NA
"140",183,"Frankfurt am Main II",176079,"https://www.abgeordnetenwatch.de/profile/dieter-breidt",7,"FREIE WÄHLER",NA,NA,"Dieter","Breidt",NA,"m",NA,NA,"Frankfurt",NA,NA,NA
"141",183,"Frankfurt am Main II",150292,"https://www.abgeordnetenwatch.de/profile/joana-cotar",9,"AfD",2,NA,"Joana","Cotar",NA,"f",1973,"Politologin und Germanistin",NA,"MdB",16,15
"142",183,"Frankfurt am Main II",145886,"https://www.abgeordnetenwatch.de/profile/bettina-wiesmann",2,"CDU",NA,NA,"Bettina","Wiesmann",NA,"f",1966,NA,NA,"MdB",26,9
"143",183,"Frankfurt am Main II",29256,"https://www.abgeordnetenwatch.de/profile/thorsten-lieb",4,"FDP",NA,NA,"Thorsten","Lieb",NA,"m",1973,"Volljurist, Wirtschaftsjurist (Univ. Bayreuth)",NA,"Rechtsanwalt",NA,NA
"144",183,"Frankfurt am Main II",79103,"https://www.abgeordnetenwatch.de/profile/omid-nouripour",5,"Bündnis 90/Die Grünen",NA,NA,"Omid","Nouripour",NA,"m",1978,NA,NA,"MdB",72,71
"145",183,"Frankfurt am Main II",175454,"https://www.abgeordnetenwatch.de/profile/kaweh-mansoori",1,"SPD",NA,NA,"Kaweh","Mansoori","Mansoori","m",1988,NA,"Frankfurt am Main","Rechtsanwalt",NA,NA
"146",183,"Frankfurt am Main II",135503,"https://www.abgeordnetenwatch.de/profile/achim-kessler",8,"DIE LINKE",NA,NA,"Achim","Kessler",NA,"m",1964,"Literaturwissenschaftler",NA,"MdB",33,28
"147",184,"Groß-Gerau",176838,"https://www.abgeordnetenwatch.de/profile/matthias-rueckert",15,"MLPD",NA,NA,"Matthias","Rückert",NA,NA,NA,NA,NA,NA,NA,NA
"148",184,"Groß-Gerau",176357,"https://www.abgeordnetenwatch.de/profile/thomas-unverzagt",201,"dieBasis",NA,NA,"Thomas","Unverzagt",NA,NA,NA,NA,NA,NA,NA,NA
"149",184,"Groß-Gerau",175986,"https://www.abgeordnetenwatch.de/profile/achim-weidner",7,"FREIE WÄHLER",NA,NA,"Achim","Weidner","Bender","m",1959,"Kaufmann für Internet und Datenschutzservice","Rüsselsheim am Main","Datenschutzbeauftragter, IT-Beratung",3,3
"150",184,"Groß-Gerau",145780,"https://www.abgeordnetenwatch.de/profile/thorsten-bluemlein",9,"AfD",NA,NA,"Thorsten","Blümlein",NA,"m",1971,"Industriemechaniker","Rüsselsheim","Luftsicherheitsassistent",NA,NA
"151",184,"Groß-Gerau",145887,"https://www.abgeordnetenwatch.de/profile/stefan-sauer",2,"CDU",NA,NA,"Stefan","Sauer",NA,"m",1966,"Diplom Betriebswirt","Groß-Gerau","MdB",15,14
"152",184,"Groß-Gerau",146368,"https://www.abgeordnetenwatch.de/profile/stephan-dehler",4,"FDP",NA,NA,"Stephan","Dehler",NA,"m",1984,NA,NA,"Geschäftsführer",NA,NA
"153",184,"Groß-Gerau",175604,"https://www.abgeordnetenwatch.de/profile/lars-nitschke",5,"Bündnis 90/Die Grünen",NA,NA,"Lars","Nitschke",NA,"m",1997,"Studium der Politikwissenschaft","Nauheim","Werksstudent",NA,NA
"154",184,"Groß-Gerau",175472,"https://www.abgeordnetenwatch.de/profile/melanie-wegling",1,"SPD",NA,NA,"Melanie","Wegling",NA,"f",NA,NA,NA,"Marketing Managerin",NA,NA
"155",184,"Groß-Gerau",146135,"https://www.abgeordnetenwatch.de/profile/joerg-cezanne",8,"DIE LINKE",4,NA,"Jörg","Cezanne",NA,"m",1958,"Groß- und Außenhandelskaufmann, Betriebswirt (VWA), Soziologe",NA,"MdB",15,10
"156",185,"Offenbach",176750,"https://www.abgeordnetenwatch.de/profile/felix-kautz",193,"Volt",NA,NA,"Felix","Kautz","Müller","m",1996,"Master of Business Management","Offenbach","Unternehmer",NA,NA
"157",185,"Offenbach",176334,"https://www.abgeordnetenwatch.de/profile/stephanie-birkle",16,"Die PARTEI",NA,NA,"Stephanie","Birkle",NA,"f",1980,"Anglistin, M.A.","Langen","Online Marketing Specialist",NA,NA
"158",185,"Offenbach",176330,"https://www.abgeordnetenwatch.de/profile/stephan-billing",201,"dieBasis",NA,NA,"Stephan","Billing",NA,NA,NA,NA,NA,NA,NA,NA
"159",185,"Offenbach",159610,"https://www.abgeordnetenwatch.de/profile/dennis-lehmann",7,"FREIE WÄHLER",NA,NA,"Dennis","Lehmann",NA,"m",1988,"Schreiner","Offenbach a.M.","Schreiner",NA,NA
"160",185,"Offenbach",29174,"https://www.abgeordnetenwatch.de/profile/gregory-engels",6,"PIRATEN",2,NA,"Gregory","Engels",NA,"m",1976,"Physiker",NA,"Unternehmer",NA,NA
"161",185,"Offenbach",145888,"https://www.abgeordnetenwatch.de/profile/bjoern-simon",2,"CDU",NA,NA,"Björn","Simon",NA,"m",1981,NA,NA,"MdB",34,2
"162",185,"Offenbach",159625,"https://www.abgeordnetenwatch.de/profile/ernestos-varvaroussis",4,"FDP",NA,NA,"Ernestos","Varvaroussis",NA,"m",1963,"Diplom-Ingenieur, MBA","Heusenstamm","Unternehmer",NA,NA
"163",185,"Offenbach",79479,"https://www.abgeordnetenwatch.de/profile/wolfgang-strengmann-kuhn",5,"Bündnis 90/Die Grünen",NA,NA,"Wolfgang","Strengmann-Kuhn",NA,"m",1964,"Wirtschaftswissenschaftler",NA,"MdB",16,8
"164",185,"Offenbach",78879,"https://www.abgeordnetenwatch.de/profile/christine-buchholz",8,"DIE LINKE",3,NA,"Christine","Buchholz",NA,"f",1971,"Studium in Erziehungs- und Sozialwissenschaften",NA,"MdB",40,36
"165",185,"Offenbach",146828,"https://www.abgeordnetenwatch.de/profile/tuna-firat",1,"SPD",NA,NA,"Tuna","Firat",NA,"m",1981,"Jurist","Dietzenbach","Rechtsanwalt",NA,NA
"166",186,"Darmstadt",177253,"https://www.abgeordnetenwatch.de/profile/mario-pingel",16,"Die PARTEI",NA,NA,"Mario","Pingel","Pingel","m",1985,"Ja","Darmstadt","Chef de Rang",NA,NA
"167",186,"Darmstadt",176839,"https://www.abgeordnetenwatch.de/profile/anna-schupp-0",15,"MLPD",NA,NA,"Anna","Schupp",NA,NA,NA,NA,NA,NA,NA,NA
"168",186,"Darmstadt",176125,"https://www.abgeordnetenwatch.de/profile/harald-uhl",7,"FREIE WÄHLER",NA,NA,"Harald","Uhl",NA,"m",NA,NA,"Darmstadt",NA,NA,NA
"169",186,"Darmstadt",176116,"https://www.abgeordnetenwatch.de/profile/gerold-himenz",201,"dieBasis",NA,NA,"Gerold","Himenz",NA,NA,NA,NA,NA,NA,1,NA
"170",186,"Darmstadt",145889,"https://www.abgeordnetenwatch.de/profile/astrid-mannes",2,"CDU",NA,NA,"Astrid","Mannes",NA,"f",1967,"Magister in den Fächern Geschichte, Politikwissenschaft und Öffentliches Recht",NA,"MdB",68,68
"171",186,"Darmstadt",175751,"https://www.abgeordnetenwatch.de/profile/julia-von-buttlar",4,"FDP",NA,"Dr.","Julia","von Buttlar","von Keussler","f",1971,"Studium der Rechtswissenschaft","Darmstadt","Beamtin",NA,NA
"172",186,"Darmstadt",119788,"https://www.abgeordnetenwatch.de/profile/daniela-wagner",5,"Bündnis 90/Die Grünen",NA,NA,"Daniela","Wagner",NA,"f",1957,"Studium der Rechts-, Politik- und Wirtschaftswissenschaften (ohne Abschluss)",NA,"MdB",39,38
"173",186,"Darmstadt",175393,"https://www.abgeordnetenwatch.de/profile/andreas-larem",1,"SPD",NA,NA,"Andreas","Larem",NA,"m",1964,"Groß- und Außenhandelskaufmann","Messel","Standesbeamter",NA,NA
"174",186,"Darmstadt",175344,"https://www.abgeordnetenwatch.de/profile/firat-turgut-wenzel",8,"DIE LINKE",10,NA,"Firat","Turgut-Wenzel","Fırat Turğut","m",1987,"B.A. Klassische Archäologie und Geschichte","Darmstadt","Selbständig in der IT-Branche",NA,NA
"175",187,"Odenwald",177269,"https://www.abgeordnetenwatch.de/profile/mitja-stachowiak",200,"Klimaliste",NA,NA,"Mitja","Stachowiak","1993",NA,NA,"Elektroingenieur (B.Sc.)",NA,NA,NA,NA
"176",187,"Odenwald",176840,"https://www.abgeordnetenwatch.de/profile/dieter-stein",15,"MLPD",NA,NA,"Dieter","Stein",NA,NA,NA,NA,NA,"Arzt",NA,NA
"177",187,"Odenwald",176414,"https://www.abgeordnetenwatch.de/profile/kim-pfaff",193,"Volt",NA,NA,"Kim","Pfaff","Perner","f",1990,"Lehrerin","Rödermark","Lehrerin (Integrierte Gesamtschule)",NA,NA
"178",187,"Odenwald",176377,"https://www.abgeordnetenwatch.de/profile/werner-krebs",201,"dieBasis",NA,NA,"Werner","Krebs",NA,"m",1950,"Diplom Pädagoge","64720 Michelstadt","Sozialtherapeut",NA,NA
"179",187,"Odenwald",159624,"https://www.abgeordnetenwatch.de/profile/laura-schulz",7,"FREIE WÄHLER",NA,NA,"Laura","Schulz",NA,"f",1994,"Studentin ",NA,"Studentin (Medienwissenschaft/Politikwissenschaft), Geschäftsführerin ",NA,NA
"180",187,"Odenwald",79150,"https://www.abgeordnetenwatch.de/profile/patricia-lips",2,"CDU",NA,NA,"Patricia","Lips",NA,"f",1963,"Handelsfachwirtin","Rödermark","MdB",19,19
"181",187,"Odenwald",175776,"https://www.abgeordnetenwatch.de/profile/mathias-zeuner",4,"FDP",NA,NA,"Mathias","Zeuner",NA,"m",1966,NA,"Pfungstadt","IT Management, IT Projektmanagementberatung",1,1
"182",187,"Odenwald",159644,"https://www.abgeordnetenwatch.de/profile/philip-kraemer",5,"Bündnis 90/Die Grünen",6,NA,"Philip","Krämer",NA,"m",1992,NA,NA,"Politiker",NA,NA
"183",187,"Odenwald",175345,"https://www.abgeordnetenwatch.de/profile/marlene-wenzl",8,"DIE LINKE",11,NA,"Marlene","Wenzl",NA,"f",2002,NA,"Michelstadt","Abiturientin",NA,NA
"184",187,"Odenwald",78792,"https://www.abgeordnetenwatch.de/profile/jens-zimmermann",1,"SPD",NA,NA,"Jens","Zimmermann",NA,"m",1981,"Diplom-Kaufmann",NA,"MdB",33,32
"185",188,"Bergstraße",177265,"https://www.abgeordnetenwatch.de/profile/gabriele-ermen",149,"UNABHÄNGIGE",NA,NA,"Gabriele","Ermen",NA,NA,NA,NA,NA,NA,NA,NA
"186",188,"Bergstraße",165416,"https://www.abgeordnetenwatch.de/profile/kerstin-buchner",7,"FREIE WÄHLER",7,NA,"Kerstin","Buchner",NA,"f",1965,"Diplom-Ingenieurin","Heppenheim","Ideenmanager/Produktmanager",NA,NA
"187",188,"Bergstraße",165416,"https://www.abgeordnetenwatch.de/profile/kerstin-buchner",7,"FREIE WÄHLER",7,NA,"Kerstin","Buchner",NA,"f",1965,"Diplom-Ingenieurin","Heppenheim","Ideenmanager/Produktmanager",NA,NA
"188",188,"Bergstraße",176136,"https://www.abgeordnetenwatch.de/profile/ina-rodewald",201,"dieBasis",NA,NA,"Ina","Rodewald",NA,NA,NA,NA,NA,NA,NA,NA
"189",188,"Bergstraße",165416,"https://www.abgeordnetenwatch.de/profile/kerstin-buchner",7,"FREIE WÄHLER",NA,NA,"Kerstin","Buchner",NA,"f",1965,"Diplom-Ingenieurin","Heppenheim","Ideenmanager/Produktmanager",NA,NA
"190",188,"Bergstraße",165416,"https://www.abgeordnetenwatch.de/profile/kerstin-buchner",7,"FREIE WÄHLER",NA,NA,"Kerstin","Buchner",NA,"f",1965,"Diplom-Ingenieurin","Heppenheim","Ideenmanager/Produktmanager",NA,NA
"191",188,"Bergstraße",79135,"https://www.abgeordnetenwatch.de/profile/michael-meister",2,"CDU",NA,NA,"Michael","Meister",NA,"m",1961,"Dipl. Mathematiker",NA,"MdB",11,NA
"192",188,"Bergstraße",122050,"https://www.abgeordnetenwatch.de/profile/till-mansmann",4,"FDP",NA,NA,"Till","Mansmann",NA,"m",1968,"Diplom Physiker (Universität Frankfurt/Main)",NA,"MdB",6,6
"193",188,"Bergstraße",145995,"https://www.abgeordnetenwatch.de/profile/moritz-mueller",5,"Bündnis 90/Die Grünen",16,NA,"Moritz","Müller",NA,"m",1992,"Ethnologe,  Politikwissenschaftler","Bensheim","Doktorand",NA,NA
"194",188,"Bergstraße",175499,"https://www.abgeordnetenwatch.de/profile/sven-wingerter",1,"SPD",NA,NA,"Sven","Wingerter",NA,"m",1980,"Magister Politikwissenschaft und Sozial- und Wirtschaftsgeschichte",NA,"Vorsitzender DGB-
Kreisverband 
Bergstraße",NA,NA
"195",188,"Bergstraße",146138,"https://www.abgeordnetenwatch.de/profile/sascha-bahl",8,"DIE LINKE",NA,NA,"Sascha","Bahl",NA,"m",1976,"Fachinformatiker",NA,"Projektleiter",NA,NA
